001a.jpg;0

001b.jpg;0

002a.jpg;0

002b.jpg;0

003a.jpg;0

003b.jpg;0

004a.jpg;0

004b.jpg;0

005a.jpg;0

005b.jpg;0

006a.jpg;0

006b.jpg;0

007a.jpg;0

007b.jpg;0

008a.jpg;0

008b.jpg;0

009a.jpg;0

009b.jpg;0

010a.jpg;0

010b.jpg;0

013a.jpg;0

013b.jpg;0

014a.jpg;0

014b.jpg;0

016a.jpg;0

016b.jpg;0

017a.jpg;0

017b.jpg;0

018a.jpg;0

018b.jpg;0

019a.jpg;0

019b.jpg;0

020a.jpg;0

020b.jpg;0

022a.jpg;0

022b.jpg;0

023a.jpg;0

023b.jpg;0

024a.jpg;0

024b.jpg;0

027a.jpg;0

027b.jpg;0

030a.jpg;0

030b.jpg;0

031a.jpg;0

031b.jpg;0

032a.jpg;0

032b.jpg;0

033a.jpg;0

033b.jpg;0

034a.jpg;0

034b.jpg;0

035a.jpg;0

035b.jpg;0

036a.jpg;0

036b.jpg;0

038a.jpg;0

038b.jpg;0

040a.jpg;0

040b.jpg;0

041a.jpg;0

041b.jpg;0

042a.jpg;0

042b.jpg;0

044a.jpg;0

044b.jpg;0

045a.jpg;0

045b.jpg;0

046a.jpg;0

046b.jpg;0

047a.jpg;0

047b.jpg;0

048a.jpg;0

048b.jpg;0

049a.jpg;0

049b.jpg;0

050a.jpg;0

050b.jpg;0

052a.jpg;0

052b.jpg;0

053a.jpg;0

053b.jpg;0

054a.jpg;0

054b.jpg;0

055a.jpg;0

055b.jpg;0

056a.jpg;0

056b.jpg;0

057a.jpg;0

057b.jpg;0

059a.jpg;0

059b.jpg;0

061a.jpg;0

061b.jpg;0

062a.jpg;0

062b.jpg;0

063a.jpg;0

063b.jpg;0

064a.jpg;0

064b.jpg;0

011a.jpg;1

011b.jpg;1

012a.jpg;1

012b.jpg;1

015a.jpg;1

015b.jpg;1

021a.jpg;1

021b.jpg;1

025a.jpg;1

025b.jpg;1

026a.jpg;1

026b.jpg;1

028a.jpg;1

028b.jpg;1

029a.jpg;1

029b.jpg;1

037a.jpg;1

037b.jpg;1

039a.jpg;1

039b.jpg;1

043a.jpg;1

043b.jpg;1

051a.jpg;1

051b.jpg;1

058a.jpg;1

058b.jpg;1

060a.jpg;1

060b.jpg;1

069a.jpg;1

069b.jpg;1

072a.jpg;1

072b.jpg;1

075a.jpg;1

075b.jpg;1

078a.jpg;1

078b.jpg;1

079a.jpg;1

079b.jpg;1

084a.jpg;1

084b.jpg;1

085a.jpg;1

085b.jpg;1

086a.jpg;1

086b.jpg;1

087a.jpg;1

087b.jpg;1

091a.jpg;1

091b.jpg;1

096a.jpg;1

096b.jpg;1

097a.jpg;1

097b.jpg;1

098a.jpg;1

098b.jpg;1

099a.jpg;1

099b.jpg;1

100a.jpg;1

100b.jpg;1

101a.jpg;1

101b.jpg;1

102a.jpg;1

102b.jpg;1

103a.jpg;1

103b.jpg;1

104a.jpg;1

104b.jpg;1

105a.jpg;1

105b.jpg;1

106a.jpg;1

106b.jpg;1

117a.jpg;1

117b.jpg;1

119a.jpg;1

119b.jpg;1

121a.jpg;1

121b.jpg;1

122a.jpg;1

122b.jpg;1

123a.jpg;1

123b.jpg;1

124a.jpg;1

124b.jpg;1

125a.jpg;1

125b.jpg;1

126a.jpg;1

126b.jpg;1

127a.jpg;1

127b.jpg;1

128a.jpg;1

128b.jpg;1

129a.jpg;1

129b.jpg;1

130a.jpg;1

130b.jpg;1

131a.jpg;1

131b.jpg;1

132a.jpg;1

132b.jpg;1

133a.jpg;1

133b.jpg;1





