111a.jpg;0

111b.jpg;0

112a.jpg;0

112b.jpg;0

113a.jpg;0

113b.jpg;0

114a.jpg;0

114b.jpg;0

115a.jpg;0

115b.jpg;0

116a.jpg;0

116b.jpg;0

118a.jpg;0

118b.jpg;0

120a.jpg;0

120b.jpg;0

147a.jpg;0

147b.jpg;0

148a.jpg;0

148b.jpg;0

152a.jpg;0

152b.jpg;0

153a.jpg;0

153b.jpg;0

154a.jpg;0

154b.jpg;0

165a.jpg;0

165b.jpg;0

171a.jpg;0

171b.jpg;0

182a.jpg;0

182b.jpg;0

185a.jpg;0

185b.jpg;0

186a.jpg;0

186b.jpg;0

187a.jpg;0

187b.jpg;0

188a.jpg;0

188b.jpg;0

190a.jpg;0

190b.jpg;0

191a.jpg;0

191b.jpg;0

192a.jpg;0

192b.jpg;0

193a.jpg;0

193b.jpg;0

194a.jpg;0

194b.jpg;0

164a.jpg;1

164b.jpg;1

166a.jpg;1

166b.jpg;1

167a.jpg;1

167b.jpg;1

168a.jpg;1

168b.jpg;1

169a.jpg;1

169b.jpg;1

170a.jpg;1

170b.jpg;1

172a.jpg;1

172b.jpg;1

173a.jpg;1

173b.jpg;1

174a.jpg;1

174b.jpg;1

175a.jpg;1

175b.jpg;1

176a.jpg;1

176b.jpg;1

177a.jpg;1

177b.jpg;1

178a.jpg;1

178b.jpg;1

179a.jpg;1

179b.jpg;1

180a.jpg;1

180b.jpg;1

181a.jpg;1

181b.jpg;1

183a.jpg;1

183b.jpg;1

184a.jpg;1

184b.jpg;1

189a.jpg;1

189b.jpg;1

195a.jpg;1

195b.jpg;1

196a.jpg;1

196b.jpg;1

197a.jpg;1

197b.jpg;1

198a.jpg;1

198b.jpg;1

199a.jpg;1

199b.jpg;1

200a.jpg;1

200b.jpg;1





