065a.jpg;0

065b.jpg;0

066a.jpg;0

066b.jpg;0

067a.jpg;0

067b.jpg;0

068a.jpg;0

068b.jpg;0

070a.jpg;0

070b.jpg;0

071a.jpg;0

071b.jpg;0

073a.jpg;0

073b.jpg;0

074a.jpg;0

074b.jpg;0

076a.jpg;0

076b.jpg;0

077a.jpg;0

077b.jpg;0

080a.jpg;0

080b.jpg;0

081a.jpg;0

081b.jpg;0

082a.jpg;0

082b.jpg;0

083a.jpg;0

083b.jpg;0

088a.jpg;0

088b.jpg;0

089a.jpg;0

089b.jpg;0

090a.jpg;0

090b.jpg;0

092a.jpg;0

092b.jpg;0

093a.jpg;0

093b.jpg;0

094a.jpg;0

094b.jpg;0

095a.jpg;0

095b.jpg;0

107a.jpg;0

107b.jpg;0

108a.jpg;0

108b.jpg;0

109a.jpg;0

109b.jpg;0

110a.jpg;0

110b.jpg;0

134a.jpg;1

134b.jpg;1

135a.jpg;1

135b.jpg;1

136a.jpg;1

136b.jpg;1

137a.jpg;1

137b.jpg;1

138a.jpg;1

138b.jpg;1

139a.jpg;1

139b.jpg;1

140a.jpg;1

140b.jpg;1

141a.jpg;1

141b.jpg;1

142a.jpg;1

142b.jpg;1

143a.jpg;1

143b.jpg;1

144a.jpg;1

144b.jpg;1

145a.jpg;1

145b.jpg;1

146a.jpg;1

146b.jpg;1

149a.jpg;1

149b.jpg;1

150a.jpg;1

150b.jpg;1

151a.jpg;1

151b.jpg;1

155a.jpg;1

155b.jpg;1

156a.jpg;1

156b.jpg;1

157a.jpg;1

157b.jpg;1

158a.jpg;1

158b.jpg;1

159a.jpg;1

159b.jpg;1

160a.jpg;1

160b.jpg;1

161a.jpg;1

161b.jpg;1

162a.jpg;1

162b.jpg;1

163a.jpg;1

163b.jpg;1


