065a.jpg;0
065b.jpg;1
066a.jpg;0
066b.jpg;1
067a.jpg;0
067b.jpg;1
068a.jpg;0
068b.jpg;1
070a.jpg;0
070b.jpg;1
071a.jpg;0
071b.jpg;1
073a.jpg;0
073b.jpg;1
074a.jpg;0
074b.jpg;1
076a.jpg;0
076b.jpg;1
077a.jpg;0
077b.jpg;1
080a.jpg;0
080b.jpg;1
081a.jpg;0
081b.jpg;1
082a.jpg;0
082b.jpg;1
083a.jpg;0
083b.jpg;1
088a.jpg;0
088b.jpg;1
089a.jpg;0
089b.jpg;1
090a.jpg;0
090b.jpg;1
092a.jpg;0
092b.jpg;1
093a.jpg;0
093b.jpg;1
094a.jpg;0
094b.jpg;1
095a.jpg;0
095b.jpg;1
107a.jpg;0
107b.jpg;1
108a.jpg;0
108b.jpg;1
109a.jpg;0
109b.jpg;1
110a.jpg;0
110b.jpg;1
134a.jpg;0
134b.jpg;1
135a.jpg;0
135b.jpg;1
136a.jpg;0
136b.jpg;1
137a.jpg;0
137b.jpg;1
138a.jpg;0
138b.jpg;1
139a.jpg;0
139b.jpg;1
140a.jpg;0
140b.jpg;1
141a.jpg;0
141b.jpg;1
142a.jpg;0
142b.jpg;1
143a.jpg;0
143b.jpg;1
144a.jpg;0
144b.jpg;1
145a.jpg;0
145b.jpg;1
146a.jpg;0
146b.jpg;1
149a.jpg;0
149b.jpg;1
150a.jpg;0
150b.jpg;1
151a.jpg;0
151b.jpg;1
155a.jpg;0
155b.jpg;1
156a.jpg;0
156b.jpg;1
157a.jpg;0
157b.jpg;1
158a.jpg;0
158b.jpg;1
159a.jpg;0
159b.jpg;1
160a.jpg;0
160b.jpg;1
161a.jpg;0
161b.jpg;1
162a.jpg;0
162b.jpg;1
163a.jpg;0
163b.jpg;1
